名稱,連結,,,,,,
,品牌logo,https://i.postimg.cc/HWNMqfzq/F1-logo.png,,,,,https://i.postimg.cc/6qzBXJJD/F1-logo2.png
,品牌名＿英文,https://i.postimg.cc/7YTzwmQf/F1-logo3.png,,,,,
,品牌介紹1,https://i.postimg.cc/W4SFXKtf/F1-1.png,,,,,
,品牌介紹2,https://i.postimg.cc/vZr66Dyy/F1-2.png,,,,,
,品牌介紹3,https://i.postimg.cc/52dC0LZp/F1-3.png,,,,,
,品牌介紹4,https://i.postimg.cc/mrT13RZH/F1-4.png,,,,,
,品牌介紹5,https://i.postimg.cc/nzzs5kDV/F1-5.png,,,,,
,品牌介紹6,https://i.postimg.cc/qBGJnnhj/F1-6.png,,,,,
,品牌介紹7,https://i.postimg.cc/288zx6nm/F1-7.png,,,,,
,品牌介紹8,https://i.postimg.cc/tCS9vjz6/F1-8.png,,,,,
,品牌介紹9,https://i.postimg.cc/bJBGjtxx/F1-6.png,,,,,
,品牌介紹10,https://i.postimg.cc/7hJ5PZ9p/F1-7.png,,,,,
,why Hz1,https://i.postimg.cc/t70YsGm7/Whyhz1.png,,,,,
,why Hz2,https://i.postimg.cc/xjX5NG4S/Whyhz2.png,,,,,
,why Hz3,https://i.postimg.cc/kMLcQV0R/Whyhz3.png,,,,,
,why Hz4,https://i.postimg.cc/CLD4mh0P/Whyhz4.png,,,,,
,why Hz5,https://i.postimg.cc/GmCxfWhc/Whyhz5.png,,,,,
我的帥照.jpg,,https://i.postimg.cc/ZRtbPxxD/1.jpg,,,,,
,,https://i.postimg.cc/J0RRv7gN/2.jpg,,,,,
,,https://i.postimg.cc/B6TqmPhZ/3.jpg,,,,,
,,,,,,,
好棧F¹ • Lab會員卡.png,,https://i.postimg.cc/g06c6T8Z/F-Lab.png,,,,,
